timestamp,datetime,comment-id,author-id,agrees,disagrees,moderated,comment-body
1564624268,Thu Aug 01 2019 01:51:08 GMT+0000 (Coordinated Universal Time),7,0,0,0,-1,"I live in a large city"
1564624725,Thu Aug 01 2019 01:58:45 GMT+0000 (Coordinated Universal Time),20,0,287,11,1,"The Biodiversity Strategy should take an intergenerational view"
1564624376,Thu Aug 01 2019 01:52:56 GMT+0000 (Coordinated Universal Time),15,0,0,37,-1,"I am of Indian descent"
1564624387,Thu Aug 01 2019 01:53:07 GMT+0000 (Coordinated Universal Time),16,0,43,1,-1,"I am a NZ citizen or permanent resident"
1564624366,Thu Aug 01 2019 01:52:46 GMT+0000 (Coordinated Universal Time),14,0,0,38,-1,"I am of Asian descent"
1564624348,Thu Aug 01 2019 01:52:28 GMT+0000 (Coordinated Universal Time),12,0,0,37,-1,"I am of Pacific Island descent"
1564624196,Thu Aug 01 2019 01:49:56 GMT+0000 (Coordinated Universal Time),2,0,50,144,1,"I am 55 years old or older"
1564624246,Thu Aug 01 2019 01:50:46 GMT+0000 (Coordinated Universal Time),5,0,48,125,1,"I live in a NZ town (population less than 50,000)"
1564624327,Thu Aug 01 2019 01:52:07 GMT+0000 (Coordinated Universal Time),10,0,61,113,1,"I live in a rural area in NZ"
1564624259,Thu Aug 01 2019 01:50:59 GMT+0000 (Coordinated Universal Time),6,0,0,0,-1,"I live in a medium-sized city"
1564624315,Thu Aug 01 2019 01:51:55 GMT+0000 (Coordinated Universal Time),9,0,97,85,1,"I live in a large NZ city"
1564624209,Thu Aug 01 2019 01:50:09 GMT+0000 (Coordinated Universal Time),3,0,29,13,-1,"I am male"
1564624678,Thu Aug 01 2019 01:57:58 GMT+0000 (Coordinated Universal Time),17,0,279,35,1,"Aotearoa New Zealand‚Äôs biodiversity is in crisis"
1564624713,Thu Aug 01 2019 01:58:33 GMT+0000 (Coordinated Universal Time),19,0,303,11,1,"Ecosystems are interconnected and biodiversity should be managed in a coordinated way across boundaries"
1564624739,Thu Aug 01 2019 01:58:59 GMT+0000 (Coordinated Universal Time),21,0,235,35,1,"The Biodiversity Strategy should encourage innovation and action, even when information is incomplete"
1564624755,Thu Aug 01 2019 01:59:15 GMT+0000 (Coordinated Universal Time),22,0,276,40,1,"The Biodiversity Strategy needs to prioritise conserving our indigenous species"
1564624767,Thu Aug 01 2019 01:59:27 GMT+0000 (Coordinated Universal Time),23,0,314,6,1,"Our physical and mental health and prosperity depends on our natural environment"
1564624786,Thu Aug 01 2019 01:59:46 GMT+0000 (Coordinated Universal Time),24,0,292,6,1,"Biodiversity management decisions need to be informed by the best available information"
1564624803,Thu Aug 01 2019 02:00:03 GMT+0000 (Coordinated Universal Time),25,0,275,14,1,"Nature has the right to exist for its own sake, regardless of any benefits we may get from it"
1564624818,Thu Aug 01 2019 02:00:18 GMT+0000 (Coordinated Universal Time),26,0,293,26,1,"More money and resources must be spent to protect and restore biodiversity and ecosystem services"
1564624838,Thu Aug 01 2019 02:00:38 GMT+0000 (Coordinated Universal Time),27,0,246,29,1,"Local, district and regional plans and/or strategies, as well as national tools (e.g. National Policy Statements and legislation) should guide action on the ground"
1564624877,Thu Aug 01 2019 02:01:17 GMT+0000 (Coordinated Universal Time),28,0,283,24,1,"We must invest in science and technology to achieve the vision and long-term outcomes of the  Biodiversity Strategy"
1564624895,Thu Aug 01 2019 02:01:35 GMT+0000 (Coordinated Universal Time),29,0,231,33,1,"The biodiversity system needs more collaborative decision-making that involves all affected parties"
1564624909,Thu Aug 01 2019 02:01:49 GMT+0000 (Coordinated Universal Time),30,0,197,71,1,"Non-indigenous ecosystems and species can be valuable for biodiversity and ecosystem services"
1564624925,Thu Aug 01 2019 02:02:05 GMT+0000 (Coordinated Universal Time),31,0,205,10,1,"Roles and responsibilities in the biodiversity system need to be better defined and communicated"
1564624941,Thu Aug 01 2019 02:02:21 GMT+0000 (Coordinated Universal Time),32,0,191,88,1,"We should prioritise research and development into alternatives to 1080 poison"
1564624965,Thu Aug 01 2019 02:02:45 GMT+0000 (Coordinated Universal Time),33,0,251,47,1,"Biodiversity management should recognise the value of mƒÅtauranga MƒÅori and practical knowledge, right from planning through to monitoring success"
1564624977,Thu Aug 01 2019 02:02:57 GMT+0000 (Coordinated Universal Time),34,0,194,89,1,"Priority should be given to developing humane ways of eradicating pests such as possums and rats at scale"
1564624988,Thu Aug 01 2019 02:03:08 GMT+0000 (Coordinated Universal Time),35,0,282,46,1,"The Biodiversity Strategy should recognise the Treaty of Waitangi and the principles of partnership, protection and participation"
1564625010,Thu Aug 01 2019 02:03:30 GMT+0000 (Coordinated Universal Time),36,0,259,33,1,"A partnership between tangata whenua and the Crown should reflect aspirations for the co-management of nature"
1564625026,Thu Aug 01 2019 02:03:46 GMT+0000 (Coordinated Universal Time),37,0,224,89,1,"MƒÅori must hold key roles in biodiversity governance structures"
1564625049,Thu Aug 01 2019 02:04:09 GMT+0000 (Coordinated Universal Time),38,0,158,76,1,"There is a need to consider and remove or alter any legislative blocks that prevent whƒÅnau or hap≈´ from exercising kaitiakitanga/stewardship"
1564625061,Thu Aug 01 2019 02:04:21 GMT+0000 (Coordinated Universal Time),39,0,198,97,1,"There must be a programme in place to help MƒÅori graduates move into roles at the Department of Conservation and other organisations"
1564625077,Thu Aug 01 2019 02:04:37 GMT+0000 (Coordinated Universal Time),40,0,73,217,1,"While indigenous biodiversity should be given priority in protected areas, the rights and incomes of property owners must not be compromised on private land"
1564625089,Thu Aug 01 2019 02:04:49 GMT+0000 (Coordinated Universal Time),41,0,216,54,1,"NZ‚Äôs economic success relies on both non-indigeneous and indigeneous species"
1564625103,Thu Aug 01 2019 02:05:03 GMT+0000 (Coordinated Universal Time),42,0,291,10,1,"Biodiversity is not just a rural issue, there are many biodiversity problems in towns and cities"
1564625115,Thu Aug 01 2019 02:05:15 GMT+0000 (Coordinated Universal Time),43,0,281,13,1,"Monitoring and evaluation of biodiversity management is crucial to ensure activities are effective and efficient"
1564625134,Thu Aug 01 2019 02:05:34 GMT+0000 (Coordinated Universal Time),44,0,116,89,1,"Allowing the private sector to compete in providing biodiversity services would make them more effective and efficient, and drive innovation"
1564625146,Thu Aug 01 2019 02:05:46 GMT+0000 (Coordinated Universal Time),45,0,305,7,1,"There are large amounts of land are in public ownership in NZ that could be used to enhance biodiversity (e.g. roadside reserves, schools)"
1564625156,Thu Aug 01 2019 02:05:56 GMT+0000 (Coordinated Universal Time),46,0,195,64,1,"Non-indigenous species and habitats can provide benefits for indigenous species"
1564625173,Thu Aug 01 2019 02:06:13 GMT+0000 (Coordinated Universal Time),47,0,167,61,1,"Healthy functioning nature is a collective good and private landowners should be compensated if they are protecting or restoring biodiversity or ecosystem services"
1564625184,Thu Aug 01 2019 02:06:24 GMT+0000 (Coordinated Universal Time),48,0,224,57,1,"It is the capitalist system, with its drive for ever increasing profits and extraction of natural resources, that is the cause of our environmental crisis"
1564625206,Thu Aug 01 2019 02:06:46 GMT+0000 (Coordinated Universal Time),50,0,282,16,1,"We need to move rapidly towards farming practices that promote sustainable food production e.g. the use of locally produced food, using techniques such as permaculture, biodynamics, urban agriculture"
1564625219,Thu Aug 01 2019 02:06:59 GMT+0000 (Coordinated Universal Time),51,0,280,14,1,"We should reduce the pressure on our biodiversity by following the advice of the World Economic Forum and other major institutions to invest in creating a circular economy that minimises waste and makes the most of resources"
1564971706,Mon Aug 05 2019 02:21:46 GMT+0000 (Coordinated Universal Time),53,0,295,14,1,"To protect and restore biodiversity and ecosystem services we must move away from a fixation on economic growth and towards sustainable production and consumption"
1564971595,Mon Aug 05 2019 02:19:55 GMT+0000 (Coordinated Universal Time),52,5,1,0,-1,"educate children on our native flora and fauna using art"
1564625196,Thu Aug 01 2019 02:06:36 GMT+0000 (Coordinated Universal Time),49,0,5,0,-1,"o protect and restore biodiversity and ecosystem services we must move away from a fixation on economic growth and towards sustainable production and consumption"
1564971880,Mon Aug 05 2019 02:24:40 GMT+0000 (Coordinated Universal Time),54,0,272,13,1,"By 2070, nature in Aotearoa NZ should be healthy, abundant, and thriving"
1564624694,Thu Aug 01 2019 01:58:14 GMT+0000 (Coordinated Universal Time),18,0,5,0,-1,"By 2070, nature in Aotearoa is healthy, abundant, and thriving"
1565064343,Tue Aug 06 2019 04:05:43 GMT+0000 (Coordinated Universal Time),58,30,1,0,-1,"To achieve long term success (through 2070) innovative ways to educate current and future young people about our biodiversity are important"
1565000419,Mon Aug 05 2019 10:20:19 GMT+0000 (Coordinated Universal Time),55,16,142,60,1,"Research into CRISPR genome editing must be looked at as a potential pest control tool."
1565061632,Tue Aug 06 2019 03:20:32 GMT+0000 (Coordinated Universal Time),57,24,1,0,-1,"Farmers care about the land and are aiming to leave it in a better state for the next generation."
1565066954,Tue Aug 06 2019 04:49:14 GMT+0000 (Coordinated Universal Time),59,31,258,32,1,"Te ao Maori regarding biodiversity / the environment and science should work together. Each perspective strengthens the other."
1565054414,Tue Aug 06 2019 01:20:14 GMT+0000 (Coordinated Universal Time),56,27,236,40,1,"Introduced species are not inherently good or bad. Their place in our biodiversity depends on the impact of the specific species."
1565089779,Tue Aug 06 2019 11:09:39 GMT+0000 (Coordinated Universal Time),60,15,166,58,1,"Indigenous biodiversity enhancement will buffer us from the impacts of climate change."
1565098823,Tue Aug 06 2019 13:40:23 GMT+0000 (Coordinated Universal Time),61,37,110,150,1,"The ecosystem that existed prior to 200 years ago is gone forever. All ecosystems, indigenous or not must be encouraged."
1565098955,Tue Aug 06 2019 13:42:35 GMT+0000 (Coordinated Universal Time),62,37,162,63,1,"Restoration can't occur if destructive actions are ongoing. Stop poison spraying, land clearing, intensive farming."
1565099106,Tue Aug 06 2019 13:45:06 GMT+0000 (Coordinated Universal Time),63,37,1,0,-1,"Also organic methods to ensure food isn't contaminated with toxins, as it currently is."
1565099373,Tue Aug 06 2019 13:49:33 GMT+0000 (Coordinated Universal Time),65,37,1,0,-1,"Seems too vague a statement to have any meaning"
1565099207,Tue Aug 06 2019 13:46:47 GMT+0000 (Coordinated Universal Time),64,37,61,187,1,"I don't believe any level of Govt have moral ground for deciding this, as they have all allowed this to happen in the first place"
1565099492,Tue Aug 06 2019 13:51:32 GMT+0000 (Coordinated Universal Time),66,37,1,0,-1,"Indigenous species absolutely require non-indigenous species to cope with the new, degraded ecosystem."
1565099628,Tue Aug 06 2019 13:53:48 GMT+0000 (Coordinated Universal Time),67,37,1,0,-1,"The science of how to fix this is already clear and known. Technological fixes are unnecessary."
1565858585,Thu Aug 15 2019 08:43:05 GMT+0000 (Coordinated Universal Time),121,137,1,0,-1,"genetic manipulation is best left to the experts, viruses."
1565099712,Tue Aug 06 2019 13:55:12 GMT+0000 (Coordinated Universal Time),68,37,1,0,-1,"No. Private sector caused the problems and will detract from efforts to repair as they seek profits above all else."
1565216228,Wed Aug 07 2019 22:17:08 GMT+0000 (Coordinated Universal Time),69,0,264,13,1,"We must continue to develop innovative ways of educating young people about our biodiversity"
1565298511,Thu Aug 08 2019 21:08:31 GMT+0000 (Coordinated Universal Time),72,50,1,0,-1,"Private property owners should be compensated to not develop their land and preserve biodiversity."
1565319271,Fri Aug 09 2019 02:54:31 GMT+0000 (Coordinated Universal Time),77,54,1,0,-1,"Protecting and enhancing our environment is good for our economy and our society."
1565307218,Thu Aug 08 2019 23:33:38 GMT+0000 (Coordinated Universal Time),76,23,204,23,1,"Government should ensure that all riparian protected areas that is manages are fenced from stock damage to vegetation and water quality"
1565303219,Thu Aug 08 2019 22:26:59 GMT+0000 (Coordinated Universal Time),75,51,1,0,-1,"Support and encouragement to protect nature & our threatened species is needed for farmers, fishers and others, as well as bottomline rules"
1565303050,Thu Aug 08 2019 22:24:10 GMT+0000 (Coordinated Universal Time),74,51,230,16,1,"Climate change adaptation should use nature-based solutions to build ecological resilience, and help maintain and restore nature"
1565298423,Thu Aug 08 2019 21:07:03 GMT+0000 (Coordinated Universal Time),71,50,1,0,-1,"The underlying economic incentives need to changed to deliver on the biodiversity outcomes we are seeking."
1565298152,Thu Aug 08 2019 21:02:32 GMT+0000 (Coordinated Universal Time),70,50,164,6,1,"The Strategy does not address the underlying economic incentives driving the continued loss of biodiversity e.g. through urban development"
1565302645,Thu Aug 08 2019 22:17:25 GMT+0000 (Coordinated Universal Time),73,51,212,15,1,"New Vision: Current and future generations connect with Aotearoa‚Äôs‚Äô healthy, abundant and thriving nature, restore it and are restored by it"
1564624219,Thu Aug 01 2019 01:50:19 GMT+0000 (Coordinated Universal Time),4,0,16,24,-1,"I am female"
1564624357,Thu Aug 01 2019 01:52:37 GMT+0000 (Coordinated Universal Time),13,0,37,2,-1,"I am of European descent"
1564624339,Thu Aug 01 2019 01:52:19 GMT+0000 (Coordinated Universal Time),11,0,2,39,-1,"I am of MƒÅori descent"
1565376026,Fri Aug 09 2019 18:40:26 GMT+0000 (Coordinated Universal Time),79,57,78,221,1,"Please stop poisoning our lovely forests from the sky with deadly poison. Mammals and rural hunters are part of our diversity."
1565319375,Fri Aug 09 2019 02:56:15 GMT+0000 (Coordinated Universal Time),78,54,137,58,1,"The protection and enhancement of our biodiversity does not have to cost huge amounts of money."
1565383390,Fri Aug 09 2019 20:43:10 GMT+0000 (Coordinated Universal Time),80,58,194,28,1,"the biodiversity strategy must be measureable"
1565486585,Sun Aug 11 2019 01:23:05 GMT+0000 (Coordinated Universal Time),81,62,287,3,1,"We should innovate to become more inclusive of nature and biodiversity in our city/town designs."
1565498439,Sun Aug 11 2019 04:40:39 GMT+0000 (Coordinated Universal Time),82,63,1,0,-1,"Herbicides and Pesticide use must be limited. Land clearing or change of land use that disrupts terrestrial ecosystems must stop."
1565599671,Mon Aug 12 2019 08:47:51 GMT+0000 (Coordinated Universal Time),93,0,1,0,-1,"the strategy needs to include most species. not just indigeous"
1565599523,Mon Aug 12 2019 08:45:23 GMT+0000 (Coordinated Universal Time),92,0,224,54,1,"I don't like using poisons  for pest control but necessary evil until something better is developed."
1565572241,Mon Aug 12 2019 01:10:41 GMT+0000 (Coordinated Universal Time),91,72,67,94,1,"Decisions on funding for pest control are made by the same people and successful innovations developed by outsiders are dismissed"
1565571324,Mon Aug 12 2019 00:55:24 GMT+0000 (Coordinated Universal Time),90,63,1,0,-1,"Barren farmed landscapes have become a mental health issue. They must have recognisable native vegetation within it."
1565571120,Mon Aug 12 2019 00:52:00 GMT+0000 (Coordinated Universal Time),89,63,180,32,1,"Roadsides and other public land are currently pest plant corridors. Where possible this aspect must be eliminated."
1565570856,Mon Aug 12 2019 00:47:36 GMT+0000 (Coordinated Universal Time),88,63,199,27,1,"The impacts of deer, pigs and trout need to be clearly stated and their cultural links dealt with."
1565560178,Sun Aug 11 2019 21:49:38 GMT+0000 (Coordinated Universal Time),87,70,59,115,1,"Biodiversity values on private land can be a liability from a development perspective"
1565517965,Sun Aug 11 2019 10:06:05 GMT+0000 (Coordinated Universal Time),86,64,1,0,-1,"Remove limitations placed on public engagement such as legislative barriers and eurocentric concepts of natural heritage to reduce harm."
1565517870,Sun Aug 11 2019 10:04:30 GMT+0000 (Coordinated Universal Time),85,64,1,0,-1,"We need governance that has the mandate to represent community groups & doesn't take western approaches to influence decision making spaces"
1565517557,Sun Aug 11 2019 09:59:17 GMT+0000 (Coordinated Universal Time),84,64,1,0,-1,"We need to remove systemic and structural forces that impose harm to preserving our natural and cultural heritage."
1565517501,Sun Aug 11 2019 09:58:21 GMT+0000 (Coordinated Universal Time),83,64,1,0,-1,"We need to recognise the concept of cultural landscapes and the layers of meaning and connections within a landscape. Reverse western values"
1565670550,Tue Aug 13 2019 04:29:10 GMT+0000 (Coordinated Universal Time),95,84,180,26,1,"More focus needs to be shifted from charismatic fauna to lesser known, threatened species."
1565665084,Tue Aug 13 2019 02:58:04 GMT+0000 (Coordinated Universal Time),94,82,1,0,-1,"There should be more onus on peer reviewed science in decision making that affects biodiversity, such as cat control."
1565726080,Tue Aug 13 2019 19:54:40 GMT+0000 (Coordinated Universal Time),101,102,1,0,-1,"The best strategy is to give land back to Nature and allow natural processes to create new ecosystems."
1565777954,Wed Aug 14 2019 10:19:14 GMT+0000 (Coordinated Universal Time),104,124,1,0,-1,"Gathering meat though hunting game species should  be considered as a valuable resource"
1565853148,Thu Aug 15 2019 07:12:28 GMT+0000 (Coordinated Universal Time),109,134,189,10,1,"Farming monocultures are harmful, funding should be given to research and promote diverse  systems of farming."
1565728925,Tue Aug 13 2019 20:42:05 GMT+0000 (Coordinated Universal Time),102,65,53,48,1,"The cost of monitoring the state and change of biodiversity values may exceed the cost of management"
1565725772,Tue Aug 13 2019 19:49:32 GMT+0000 (Coordinated Universal Time),99,102,111,23,1,"The Maori perspective should not be bought, bent and manipulated in order to incorporate it into what is essentially a pakeha view."
1565725588,Tue Aug 13 2019 19:46:28 GMT+0000 (Coordinated Universal Time),98,102,1,0,-1,"All life is precious and interconnected. This should be the basis for any plan."
1565725937,Tue Aug 13 2019 19:52:17 GMT+0000 (Coordinated Universal Time),100,102,1,0,-1,"The existing combination of introduced and native plants and animals are the ecosystems of the future."
1565822553,Wed Aug 14 2019 22:42:33 GMT+0000 (Coordinated Universal Time),105,130,1,0,-1,"If climate change proceeds, there will come a point where we have to give up on protecting NZ biodiversity."
1565724867,Tue Aug 13 2019 19:34:27 GMT+0000 (Coordinated Universal Time),96,102,39,150,1,"Biodiversity includes all life forms. In nature there are no such things as Pests. There is no such thing as being cruel to be kind."
1565852825,Thu Aug 15 2019 07:07:05 GMT+0000 (Coordinated Universal Time),108,134,1,0,-1,"Water management to prevent degradation is key to success in land and bio management  while their management benefits water, they rely on it"
1565852439,Thu Aug 15 2019 07:00:39 GMT+0000 (Coordinated Universal Time),107,134,1,0,-1,"Ownership of water rights should not allow degradation of the resource."
1565852356,Thu Aug 15 2019 06:59:16 GMT+0000 (Coordinated Universal Time),106,134,1,0,-1,"Ownership of land rights grant you the temporary use of it, the land continues in the community after you, it is not the right to degrade it"
1564624187,Thu Aug 01 2019 01:49:47 GMT+0000 (Coordinated Universal Time),1,0,94,95,1,"I am 30 years old or older but under 55 years of age"
1564624176,Thu Aug 01 2019 01:49:36 GMT+0000 (Coordinated Universal Time),0,0,45,138,1,"I am under 30 years of age"
1564624307,Thu Aug 01 2019 01:51:47 GMT+0000 (Coordinated Universal Time),8,0,44,128,1,"I live in a medium-sized NZ city"
1565915602,Fri Aug 16 2019 00:33:22 GMT+0000 (Coordinated Universal Time),122,151,1,0,-1,"Protection and enhancement will mean different things, they need to be clear so everyone knows they are talking about the same things"
1565725468,Tue Aug 13 2019 19:44:28 GMT+0000 (Coordinated Universal Time),97,102,1,0,-1,"The wisdom of nature is greater than our own. We have little understanding of what we are doing."
1565853324,Thu Aug 15 2019 07:15:24 GMT+0000 (Coordinated Universal Time),110,134,1,0,-1,"Funding be given to gene research on changes in species that allow them to breed past sustainable levels and ways to return this to normal"
1565856610,Thu Aug 15 2019 08:10:10 GMT+0000 (Coordinated Universal Time),111,137,77,89,1,"DOC cost per dead possum is about $25, so a $10 bounty gets lots of youngsters into the bush (connections all round) solves several issues."
1565857227,Thu Aug 15 2019 08:20:27 GMT+0000 (Coordinated Universal Time),116,137,70,105,1,"Deer/pig/trout are excellent food source, we can never get rid of them so control and use as such"
1565858433,Thu Aug 15 2019 08:40:33 GMT+0000 (Coordinated Universal Time),120,137,70,85,1,"The only way of rectifying the environmental issues is less humans. Either we control our numbers or nature will, unlikely to be ""humane"""
1565856861,Thu Aug 15 2019 08:14:21 GMT+0000 (Coordinated Universal Time),113,137,1,0,-1,"We already know what the problem is, no amount of science or tech is going to change it. Overshoot it is called, all else is symptom."
1565858273,Thu Aug 15 2019 08:37:53 GMT+0000 (Coordinated Universal Time),119,137,1,0,-1,"The ""economy"" is a subset of the environment, economics would have us believe it is separate as only money matters"
1565858124,Thu Aug 15 2019 08:35:24 GMT+0000 (Coordinated Universal Time),118,137,1,0,-1,"It is neo-liberal economics, at its core it is a religion with a very savage hook, interest (usury it was called) which necessitates growth"
1565857989,Thu Aug 15 2019 08:33:09 GMT+0000 (Coordinated Universal Time),117,137,1,0,-1,"nature has the right exist, what ignorant hubris, how disconnected is that statement from the world we live in?"
1565857096,Thu Aug 15 2019 08:18:16 GMT+0000 (Coordinated Universal Time),115,137,1,0,-1,"Forget the crown, NZ is for NZers. That is all we need to understand. Unfortunately most of our ruling class consider others before NZers..."
1565857009,Thu Aug 15 2019 08:16:49 GMT+0000 (Coordinated Universal Time),114,137,1,0,-1,"Stewardship is not a race based decision, we are all homo sap spp, the sooner we all realise there is nowhere to run the better"
1565731332,Tue Aug 13 2019 21:22:12 GMT+0000 (Coordinated Universal Time),103,104,1,0,-1,"Particularly in urban areas, we need to give greater weight to definite benefits for all from trees, less to tiny risk of injury to 1."
1565856771,Thu Aug 15 2019 08:12:51 GMT+0000 (Coordinated Universal Time),112,137,1,0,-1,"Unfortunately the private landowner may do things to his/her land that are damaging for the country, we are all temporary utilisers of NZ"
1565921705,Fri Aug 16 2019 02:15:05 GMT+0000 (Coordinated Universal Time),123,0,209,7,1,"Ownership of water rights should not allow degradation of the resource. Stronger management, quality and quantity standards are needed."
1565921756,Fri Aug 16 2019 02:15:56 GMT+0000 (Coordinated Universal Time),124,0,201,6,1,"Water management to prevent degradation is key to success in land and biodiversity management"
1566045628,Sat Aug 17 2019 12:40:28 GMT+0000 (Coordinated Universal Time),137,173,1,0,-1,"Hapu should be involved BUT some may use that as an excuse to keep/exploit land which could be used for conservation. Word laws carefully"
1566018112,Sat Aug 17 2019 05:01:52 GMT+0000 (Coordinated Universal Time),133,167,171,4,1,"Instead of focusing on protecting flagship species, we should focus on protecting entire ecosystems, which may include those species."
1566012251,Sat Aug 17 2019 03:24:11 GMT+0000 (Coordinated Universal Time),132,165,1,0,-1,"I find this kind of participation frustrating because it does not, probably cannot, include deliberation with one's fellow citizens."
1566000037,Sat Aug 17 2019 00:00:37 GMT+0000 (Coordinated Universal Time),131,162,1,0,-1,"Instead of saving 'species' save environments where multiple species coexist ie areas where kiwi can thrive as well as other species"
1565989344,Fri Aug 16 2019 21:02:24 GMT+0000 (Coordinated Universal Time),130,0,1,0,-1,"The clean water issue having farmers both hill country & flat land under the one umbrella is unfair as the situation is entirely different."
1565924095,Fri Aug 16 2019 02:54:55 GMT+0000 (Coordinated Universal Time),128,153,22,135,1,"Nature can manage itself. Humans are the cause of all perceived problems. Management is unnecessary. Leave wild places wild."
1565946552,Fri Aug 16 2019 09:09:12 GMT+0000 (Coordinated Universal Time),129,156,167,8,1,"There needs to be a stronger emphasis on retaining our endemic invertebrate diversity. Without them our fragile ecosystem wouldn't exist."
1565923894,Fri Aug 16 2019 02:51:34 GMT+0000 (Coordinated Universal Time),127,153,1,0,-1,"Allowing government/politicians to manage nature is the main problem. Stop poisoning our wild food."
1565923742,Fri Aug 16 2019 02:49:02 GMT+0000 (Coordinated Universal Time),126,153,1,0,-1,"Biodiversity means encouraging all forms of life to prosper. The current economic scarcity based system is unable to coexist with this idea."
1565921784,Fri Aug 16 2019 02:16:24 GMT+0000 (Coordinated Universal Time),125,152,1,0,-1,"Everything works for everything; we need to have sustainable systems, not endless consumption and growth."
1566215849,Mon Aug 19 2019 11:57:29 GMT+0000 (Coordinated Universal Time),146,198,1,0,-1,"End aerial 180 drops"
1566124141,Sun Aug 18 2019 10:29:01 GMT+0000 (Coordinated Universal Time),144,186,1,0,-1,"Clean up the Waikato river"
1566104466,Sun Aug 18 2019 05:01:06 GMT+0000 (Coordinated Universal Time),142,183,164,5,1,"Education standards should require educational field trips to natural spaces for all school children."
1566128974,Sun Aug 18 2019 11:49:34 GMT+0000 (Coordinated Universal Time),145,187,122,22,1,"The biggest threat to biodiversity in our oceans and beaches is plastic pollution. We need to stop importing it, making it and buying it."
1566115130,Sun Aug 18 2019 07:58:50 GMT+0000 (Coordinated Universal Time),143,184,1,0,-1,"Seaweed aquaculture will improve biodiversity,sequester more carbon than trees+reduce ocean acidification.Legislation currently prohibits it"
1566104028,Sun Aug 18 2019 04:53:48 GMT+0000 (Coordinated Universal Time),141,167,179,2,1,"More no-take marine reserves should be created, especially in the habitat of endangered animals, like Maui dolphins and endangered seabirds"
1567067250,Thu Aug 29 2019 08:27:30 GMT+0000 (Coordinated Universal Time),177,309,68,21,1,"Preventing the illegal ownership of possums and ferrets as pets needs to be enforced more seriously."
1566046289,Sat Aug 17 2019 12:51:29 GMT+0000 (Coordinated Universal Time),140,173,1,0,-1,"We could switch NZ's main meat source to wild deer/pig/trout/goat, hunting levels down so they are less impactful on natives"
1566046163,Sat Aug 17 2019 12:49:23 GMT+0000 (Coordinated Universal Time),139,173,1,0,-1,"If we keep pigs/deer/trout, they should be made a mainstream food source (instead of farming) and try to control levels to feed people"
1566045953,Sat Aug 17 2019 12:45:53 GMT+0000 (Coordinated Universal Time),138,173,1,0,-1,"For hunting/fishing, restricted areas could be made and require bookings to reduce number of hunters in bush at the same time."
1566018712,Sat Aug 17 2019 05:11:52 GMT+0000 (Coordinated Universal Time),134,167,1,0,-1,"Populations of non-native species that have a recreational or economic benefit (eg tahr hunting, trout fishing) should not be maintained."
1566335891,Tue Aug 20 2019 21:18:11 GMT+0000 (Coordinated Universal Time),147,0,86,6,1,"Allow seaweed aquaculture, which will improve biodiversity, sequester more carbon than trees and reduce ocean acidification"
1566335912,Tue Aug 20 2019 21:18:32 GMT+0000 (Coordinated Universal Time),148,0,99,52,1,"Eliminate populations of non-native species that are valued for recreational or economic reasons but that negatively impact native species e.g. tahr, trout"
1566739268,Sun Aug 25 2019 13:21:08 GMT+0000 (Coordinated Universal Time),161,262,136,14,1,"Pest plants are a significant threat to indigenous biodiversity.  More resources and focus is needed to address this issue."
1566682014,Sat Aug 24 2019 21:26:54 GMT+0000 (Coordinated Universal Time),160,256,1,0,-1,"More great advertising like this video with a call to specific action - tell Kiwis what we need to do to help protect our vulnerable species"
1566681961,Sat Aug 24 2019 21:26:01 GMT+0000 (Coordinated Universal Time),159,256,1,0,-1,"Love your video on NZ's unique flora and fauna. We need more advertising campaigns like this so we feel the need to protect our species."
1566681900,Sat Aug 24 2019 21:25:00 GMT+0000 (Coordinated Universal Time),158,256,1,0,-1,"Private property close to national or regional parks should be fully subsidised for trapping rodents."
1566681836,Sat Aug 24 2019 21:23:56 GMT+0000 (Coordinated Universal Time),157,256,1,0,-1,"Time to bring back gorse inspections for land. The law used to be that gorse must be removed. What happened to that?"
1566681765,Sat Aug 24 2019 21:22:45 GMT+0000 (Coordinated Universal Time),156,256,1,0,-1,"Time to subsidise backyard trapping in Auckland close to island sanctuaries before the birds start flying over and get eaten by our rats."
1566681677,Sat Aug 24 2019 21:21:17 GMT+0000 (Coordinated Universal Time),155,256,1,0,-1,"Kakapo need a warmer place to live than the deep South. Time to bring more up North where they once lived in abundance. So sad so many died."
1566681631,Sat Aug 24 2019 21:20:31 GMT+0000 (Coordinated Universal Time),154,256,1,0,-1,"We need to identify as many possible 'mainland sanctuaries' as possible. Get locals to identify potential habitats and get started."
1566661927,Sat Aug 24 2019 15:52:07 GMT+0000 (Coordinated Universal Time),153,254,1,0,-1,"The government needs to provide direction to the agriculture industry to both improve biodiversity and ensure sustainable development."
1566613471,Sat Aug 24 2019 02:24:31 GMT+0000 (Coordinated Universal Time),152,245,1,0,-1,"The strategy should include measures for improved connection and wellbeing of people."
1566613408,Sat Aug 24 2019 02:23:28 GMT+0000 (Coordinated Universal Time),151,245,147,10,1,"We need a way to ensure enduring financial commitment of central and local government to action for the whole duration of the strategy."
1566613277,Sat Aug 24 2019 02:21:17 GMT+0000 (Coordinated Universal Time),150,245,147,11,1,"Any biodiversity strategy governance should include young people to speak for the future generations"
1566348048,Wed Aug 21 2019 00:40:48 GMT+0000 (Coordinated Universal Time),149,222,126,18,1,"There needs to be continual shift towards the mindset that outdoor cats have a significant negative impact on native biodiversity"
1566033692,Sat Aug 17 2019 09:21:32 GMT+0000 (Coordinated Universal Time),136,170,61,10,1,"Distributed decisions re:land use must account/forecast impact across human, social, natural, production, intellectual & financial metrics"
1566033442,Sat Aug 17 2019 09:17:22 GMT+0000 (Coordinated Universal Time),135,170,95,13,1,"Open-data commons, curating/visualising enviro, social & financial data frm ALL users of whenua will help us make decisions democratically"
1566789788,Mon Aug 26 2019 03:23:08 GMT+0000 (Coordinated Universal Time),162,0,123,18,1,"We need more advertising campaigns about NZ's unique flora and fauna so we feel the need to protect our species and so that we know what to do"
1566789801,Mon Aug 26 2019 03:23:21 GMT+0000 (Coordinated Universal Time),163,0,105,17,1,"Trapping for rats, etc should be fully subsidised on private property close to national and regional parks, and island sanctuaries so that native populations can expand beyond the protected areas"
1566789841,Mon Aug 26 2019 03:24:01 GMT+0000 (Coordinated Universal Time),164,0,135,9,1,"Get locals to help identify and set up as many 'mainland sanctuaries' as possible."
1566789878,Mon Aug 26 2019 03:24:38 GMT+0000 (Coordinated Universal Time),165,0,133,10,1,"The government should direct the agriculture industry to both improve biodiversity and to develop sustainably"
1566945707,Tue Aug 27 2019 22:41:47 GMT+0000 (Coordinated Universal Time),168,281,1,0,-1,"Threatened Plants need legal protection"
1566857589,Mon Aug 26 2019 22:13:09 GMT+0000 (Coordinated Universal Time),167,269,1,0,-1,"We need to find alternatives to using 1080 poison for pest control"
1566793698,Mon Aug 26 2019 04:28:18 GMT+0000 (Coordinated Universal Time),166,0,1,0,-1,"There should be a working partnership between the agriculture industry & the government working towards biodiversity"
1567121234,Thu Aug 29 2019 23:27:14 GMT+0000 (Coordinated Universal Time),184,315,1,0,-1,"Killing for conservation is an example of human logic being applied to natural systems, that operate outside of our proper understanding."
1567121120,Thu Aug 29 2019 23:25:20 GMT+0000 (Coordinated Universal Time),183,315,1,0,-1,"Rather than gaining a balanced view this survey is designed to channel people's thinking in a certain way. =Zero proper discussion."
1567120804,Thu Aug 29 2019 23:20:04 GMT+0000 (Coordinated Universal Time),182,315,1,0,-1,"NZ is being asked to allow a bureaucracy to impose a view of nature on natural systems we have little understanding of."
1567075030,Thu Aug 29 2019 10:37:10 GMT+0000 (Coordinated Universal Time),181,312,1,0,-1,"The world is in a continual state of change and evolution. As one plant or animal disappears another takes its place."
1567074832,Thu Aug 29 2019 10:33:52 GMT+0000 (Coordinated Universal Time),180,312,1,0,-1,"As no ecosystem is ever browser  or predator free trying to eliminate them completely is both undesirable and impossible."
1567068101,Thu Aug 29 2019 08:41:41 GMT+0000 (Coordinated Universal Time),179,309,92,19,1,"Prohibiting dogs from entering forests with kiwis and beaches with nesting dotterels needs to be taken more seriously."
1567067683,Thu Aug 29 2019 08:34:43 GMT+0000 (Coordinated Universal Time),178,309,26,28,1,"There aren't enough endemic bird species being bred in captivity."
1567041182,Thu Aug 29 2019 01:13:02 GMT+0000 (Coordinated Universal Time),176,298,1,0,-1,"DOC have been starved of finance for many years and while that has been redressed slightly more backing is needed for biodiversity"
1567038309,Thu Aug 29 2019 00:25:09 GMT+0000 (Coordinated Universal Time),175,270,1,0,-1,"Biodiversity habitat and climate change response should go hand in hand - plant specification, farming practice can contribute to both."
1567034590,Wed Aug 28 2019 23:23:10 GMT+0000 (Coordinated Universal Time),174,130,1,0,-1,"When NZ species are clearly doomed due to climate crisis, we must stop pest control - this will be pointless, so inhumane."
1567029305,Wed Aug 28 2019 21:55:05 GMT+0000 (Coordinated Universal Time),173,2,1,0,-1,"Returning forests to an unbrowsed state is nonsense. Moa browsed extensively from lowlands to alpine areas. Browsers are part of our nature!"
1566983558,Wed Aug 28 2019 09:12:38 GMT+0000 (Coordinated Universal Time),172,13,1,0,-1,"Our livelihoods must be connected to restoring nature to shift from our degenerative economy and stop the global ecological collapse"
1566983310,Wed Aug 28 2019 09:08:30 GMT+0000 (Coordinated Universal Time),171,13,1,0,-1,"The government must commit $$ to an implementation plan for the Strategy"
1566978703,Wed Aug 28 2019 07:51:43 GMT+0000 (Coordinated Universal Time),170,35,1,0,-1,"Farmers need to be encouraged to move away from dairy and beef farming to arable farming."
1566945764,Tue Aug 27 2019 22:42:44 GMT+0000 (Coordinated Universal Time),169,281,83,6,1,"A stand-alone non-binding strategy will not be sufficient to ensure biodiversity protection"
1567312035,Sun Sep 01 2019 04:27:15 GMT+0000 (Coordinated Universal Time),200,309,44,24,1,"Hunting of wild pigeons/kereru should never be legal again, for any race."
1567311793,Sun Sep 01 2019 04:23:13 GMT+0000 (Coordinated Universal Time),199,309,42,17,1,"Control of most introduced bird species is inadequate."
1567278440,Sat Aug 31 2019 19:07:20 GMT+0000 (Coordinated Universal Time),198,177,1,0,-1,"1080 is a cruel and indiscriminate poison with no antidote. Most people are against aerial 1080."
1567245811,Sat Aug 31 2019 10:03:31 GMT+0000 (Coordinated Universal Time),197,331,1,0,-1,"Man was created with domain over nature - we should use it, and it it dies it will be replaced - that's the nature of living things on earth"
1567382287,Sun Sep 01 2019 23:58:07 GMT+0000 (Coordinated Universal Time),202,0,95,10,1,"Biodiversity habitat and climate change response should go hand in hand"
1567382306,Sun Sep 01 2019 23:58:26 GMT+0000 (Coordinated Universal Time),203,0,80,13,1,"Threatened indigenous plants should be protected by stronger legal mechanisms"
1567382320,Sun Sep 01 2019 23:58:40 GMT+0000 (Coordinated Universal Time),204,0,105,7,1,"Establish a partnership between the agriculture industry and government to develop and promote farming practices that protect and restore our biodiversity"
1567382341,Sun Sep 01 2019 23:59:01 GMT+0000 (Coordinated Universal Time),205,0,3,82,1,"Man was created with domain over nature - we should use it. If it dies, it will be replaced - that's the nature of living things on earth"
1567245406,Sat Aug 31 2019 09:56:46 GMT+0000 (Coordinated Universal Time),195,331,83,16,1,"In rural NZ, private property does not give the right to destroy specie's habitat and homes, just because you ""own"" the land"
1567245309,Sat Aug 31 2019 09:55:09 GMT+0000 (Coordinated Universal Time),194,331,89,8,1,"We need more protection corridors that run from the sea to the mountains, managed to allow native species to thrive"
1567245096,Sat Aug 31 2019 09:51:36 GMT+0000 (Coordinated Universal Time),193,331,52,20,1,"as sea level rises, we should retreat and allow native plants and animals to migrate into the space we vacate - plants and birds need it"
1567244748,Sat Aug 31 2019 09:45:48 GMT+0000 (Coordinated Universal Time),192,331,1,0,-1,"Why not put the Maui dolphins in the Napier aquarium to breed and raise money to help save them"
1567244652,Sat Aug 31 2019 09:44:12 GMT+0000 (Coordinated Universal Time),191,331,1,0,-1,"New Zealanders care about nature and our native species"
1567244599,Sat Aug 31 2019 09:43:19 GMT+0000 (Coordinated Universal Time),190,331,80,5,1,"The resource management act review must address cumulative adverse effects - many minor losses add up to significant losses otherwise"
1567244488,Sat Aug 31 2019 09:41:28 GMT+0000 (Coordinated Universal Time),189,331,85,7,1,"Many private land owners will protect native biodiversity on their land if they know how to, and are assisted/encouraged"
1567195704,Fri Aug 30 2019 20:08:24 GMT+0000 (Coordinated Universal Time),188,325,1,0,-1,"NZ is a unique world treasure  we need to assure it has a future"
1567194326,Fri Aug 30 2019 19:45:26 GMT+0000 (Coordinated Universal Time),187,323,41,19,1,"For all predators to be killed off new laws will be needed to enforce this plan across all lands."
1567194258,Fri Aug 30 2019 19:44:18 GMT+0000 (Coordinated Universal Time),186,323,14,44,1,"Maori are being included in this plan because there's 1 million hectares of Maori land that needs to be poisoned."
1567194174,Fri Aug 30 2019 19:42:54 GMT+0000 (Coordinated Universal Time),185,323,15,44,1,"There are many exciting new ways to properly engage with nature this plan isn't one of them."
1567374083,Sun Sep 01 2019 21:41:23 GMT+0000 (Coordinated Universal Time),201,130,1,0,-1,"This consultation can be skewed by bloc-voting from anti-1080 partisans."
1567245482,Sat Aug 31 2019 09:58:02 GMT+0000 (Coordinated Universal Time),196,331,1,0,-1,"Give nature a legal persona and let it have standing in planning law and the courts, represented by trustees appointed by iwi and the govt"
1567548720,Tue Sep 03 2019 22:12:00 GMT+0000 (Coordinated Universal Time),211,0,57,21,1,"Give nature legal personhood similar to the Whanganui River. Nature should represented by trustees appointed by iwi and the govt, and have standing in planning law and the courts."
1567634213,Wed Sep 04 2019 21:56:53 GMT+0000 (Coordinated Universal Time),226,392,72,2,1,"When profit is made from degrading our forest, oceans, waterways, land and air it should be taxed to fund restoration and repair"
1567619704,Wed Sep 04 2019 17:55:04 GMT+0000 (Coordinated Universal Time),225,390,1,0,-1,"The natural state of man is the  expression of such gratitude, appreciation and compassion that ALL animals love to be in his/her presence."
1567595858,Wed Sep 04 2019 11:17:38 GMT+0000 (Coordinated Universal Time),224,387,1,0,-1,"Us humans have destroyed this stunning country and planet - it‚Äôs is time to give back what we have stolen ‚Äî many hands make light work üôè"
1567563106,Wed Sep 04 2019 02:11:46 GMT+0000 (Coordinated Universal Time),218,374,1,0,-1,"DOC has very little support from the general public due to their obsession on poisoning our environment and food chain with 1080."
1567582659,Wed Sep 04 2019 07:37:39 GMT+0000 (Coordinated Universal Time),223,384,1,0,-1,"Stop using indiscriminate poisons. Stop lying to the public about the safety of poisons. Stop teaching kids you should kill harmless joeys ."
1567557378,Wed Sep 04 2019 00:36:18 GMT+0000 (Coordinated Universal Time),214,368,33,23,1,"Stick to trapping rather than poison in areas people can reach by foot/quad. Reduce non-target deaths by contamination of their food chain."
1567554567,Tue Sep 03 2019 23:49:27 GMT+0000 (Coordinated Universal Time),212,364,1,0,-1,"BAN TEN80"
1567579372,Wed Sep 04 2019 06:42:52 GMT+0000 (Coordinated Universal Time),222,383,1,0,-1,"Save our speecies , BAN1080"
1567579338,Wed Sep 04 2019 06:42:18 GMT+0000 (Coordinated Universal Time),221,382,1,0,-1,"Ban 1080 easy let nature fix what you broke"
1567568960,Wed Sep 04 2019 03:49:20 GMT+0000 (Coordinated Universal Time),220,379,1,0,-1,"Please stop using poisons in New Zealand.They are no tool they are killers of all species.There are better ways.Love Nature stop killing her"
1567557478,Wed Sep 04 2019 00:37:58 GMT+0000 (Coordinated Universal Time),215,368,1,0,-1,"Be more careful about where poison is dropped. Read again the 1080 SDS."
1567555149,Tue Sep 03 2019 23:59:09 GMT+0000 (Coordinated Universal Time),213,366,1,0,-1,"Ban aerial 1080 get more people involved lots of traps and proactive non toxic solutions its all there we just need to get off the poison"
1567565451,Wed Sep 04 2019 02:50:51 GMT+0000 (Coordinated Universal Time),219,167,1,0,-1,"Whether they live in a city or in a rural area, every New Zealanders opinion matters."
1567558382,Wed Sep 04 2019 00:53:02 GMT+0000 (Coordinated Universal Time),216,367,1,0,-1,"I no longer accept that it is economy or ecology.  Rather that a healthy biodiverse environment is essential for farming sustainability."
1567537260,Tue Sep 03 2019 19:01:00 GMT+0000 (Coordinated Universal Time),210,362,58,6,1,"Current commercial monoculture forestry is damaging our environment. Mixed forestry with higher value species should be promoted"
1567536815,Tue Sep 03 2019 18:53:35 GMT+0000 (Coordinated Universal Time),208,362,35,12,1,"The sale and use of pesticides and herbicides should be restricted with the aim of creating a totally organic environment"
1567537077,Tue Sep 03 2019 18:57:57 GMT+0000 (Coordinated Universal Time),209,362,1,0,-1,"In the face of a changing climate, reslient practices and species will become increasingly important"
1567390884,Mon Sep 02 2019 02:21:24 GMT+0000 (Coordinated Universal Time),207,351,1,0,-1,"Community environmental effort will be constantly undermined by economy-based decision making unless there are major system changes"
1567686488,Thu Sep 05 2019 12:28:08 GMT+0000 (Coordinated Universal Time),240,130,1,0,-1,"Participants deserve to be shown the voting on all the statements submitted."
1567673030,Thu Sep 05 2019 08:43:50 GMT+0000 (Coordinated Universal Time),238,396,25,29,1,"My generation has been growing watching things get worse and worse, but we are powerless to stop it, as we essentially have no voice."
1567672723,Thu Sep 05 2019 08:38:43 GMT+0000 (Coordinated Universal Time),235,396,1,0,-1,"The way we currently produce animals for food is damaging our ecosystems"
1567672282,Thu Sep 05 2019 08:31:22 GMT+0000 (Coordinated Universal Time),233,396,1,0,-1,"The processes of westernization, colonization, and capitalism underlie the erosion of our ecosystems."
1567671937,Thu Sep 05 2019 08:25:37 GMT+0000 (Coordinated Universal Time),232,396,1,0,-1,"We need to stop valuing economic systems over the natural ones they disrupt."
1567671652,Thu Sep 05 2019 08:20:52 GMT+0000 (Coordinated Universal Time),231,396,1,0,-1,"Our current farming practices are not sustainable"
1567671598,Thu Sep 05 2019 08:19:58 GMT+0000 (Coordinated Universal Time),230,396,1,0,-1,"We need to assess the impact of all introduced species to our ecosystems, including those we economically benefit from"
1567671533,Thu Sep 05 2019 08:18:53 GMT+0000 (Coordinated Universal Time),229,396,1,0,-1,"Animal agriculture has an undeniable negative impact on our environment, and serious measures  need to be taken to address this"
1567659525,Thu Sep 05 2019 04:58:45 GMT+0000 (Coordinated Universal Time),228,23,1,0,-1,"Grazing should cease causing harm to our living freshwater ecosystems"
1567672496,Thu Sep 05 2019 08:34:56 GMT+0000 (Coordinated Universal Time),234,396,1,0,-1,"If people continue to see nature as a resource to be exploited, we will never make real change. We need to value it for it's own sake."
1567672859,Thu Sep 05 2019 08:40:59 GMT+0000 (Coordinated Universal Time),236,396,1,0,-1,"We need radical change to address the problems we've created. But our current systems may not allow for this to happen."
1567673261,Thu Sep 05 2019 08:47:41 GMT+0000 (Coordinated Universal Time),239,397,1,0,-1,"NZ's economic interests need to be put aside for the moment, without our environment we have nothing."
1567672970,Thu Sep 05 2019 08:42:50 GMT+0000 (Coordinated Universal Time),237,396,1,0,-1,"The future of Aotearoa's natural environment, ecosystems, biodiversity seems hopeless. It's too little, too late."
1567634448,Wed Sep 04 2019 22:00:48 GMT+0000 (Coordinated Universal Time),227,392,51,6,1,"Conservation jobs should attract higher pay rates to attract and keep talented, knowledgeable and committed people"
1567558752,Wed Sep 04 2019 00:59:12 GMT+0000 (Coordinated Universal Time),217,371,1,0,-1,"Sanctuaries, private, Maori & public"
1567730992,Fri Sep 06 2019 00:49:52 GMT+0000 (Coordinated Universal Time),243,0,74,1,1,"I no longer accept that it is economy versus ecology. A healthy biodiverse environment is essential for farming sustainability."
1567383709,Mon Sep 02 2019 00:21:49 GMT+0000 (Coordinated Universal Time),206,348,1,0,-1,"Human beings need to manage and maintain ecosystems and biodiversity in perpetuity."
1567726391,Thu Sep 05 2019 23:33:11 GMT+0000 (Coordinated Universal Time),242,402,52,14,1,"Native forest soil and ground plants must be protected from browsing mammals to maintain healthy forests, water quality and reduce erosion."
1567710302,Thu Sep 05 2019 19:05:02 GMT+0000 (Coordinated Universal Time),241,399,31,17,1,"Although consultation with stakeholders is a good idea, the democratic process as it stands is too clunky to achieve conservation success"
1567825872,Sat Sep 07 2019 03:11:12 GMT+0000 (Coordinated Universal Time),272,409,1,0,-1,"Biodiversity needs to happen where people can experience it."
1567824744,Sat Sep 07 2019 02:52:24 GMT+0000 (Coordinated Universal Time),262,409,1,0,-1,"Mowed lawns are a problem. We need alternatives to be made acceptable."
1567825669,Sat Sep 07 2019 03:07:49 GMT+0000 (Coordinated Universal Time),270,409,1,0,-1,"People should mow their lawns less, and let a bit more wilderness into their gardens."
1567825634,Sat Sep 07 2019 03:07:14 GMT+0000 (Coordinated Universal Time),269,409,1,0,-1,"We're running out of time."
1567825471,Sat Sep 07 2019 03:04:31 GMT+0000 (Coordinated Universal Time),265,409,1,0,-1,"More diversity in farming (e.g. farm and sell breed-specific milks) would contribute culturally to our work on nature's diversity."
1567824688,Sat Sep 07 2019 02:51:28 GMT+0000 (Coordinated Universal Time),261,409,1,0,-1,"None of this is news. We've known it for decades, and everyone who's been resisting it all this time needs to get out of the way NOW."
1567824006,Sat Sep 07 2019 02:40:06 GMT+0000 (Coordinated Universal Time),250,409,1,0,-1,"Town planning needs to prioritise biodiversity."
1567824254,Sat Sep 07 2019 02:44:14 GMT+0000 (Coordinated Universal Time),256,409,1,0,-1,"Roadsides and berms need to be treated and valued as biodiverse wildlife space."
1567824952,Sat Sep 07 2019 02:55:52 GMT+0000 (Coordinated Universal Time),264,409,1,0,-1,"Diversifying New Zealand's culture will improve opportunities to support the diversity of nature. E.g we will become open to broader diets."
1567823302,Sat Sep 07 2019 02:28:22 GMT+0000 (Coordinated Universal Time),246,409,1,0,-1,"Make space for the young. The old who got us into this mess are not only stubborn, but essentially stupid."
1567823189,Sat Sep 07 2019 02:26:29 GMT+0000 (Coordinated Universal Time),245,409,1,0,-1,"Domestic cats need to be recognised as a serious but manageable threat to biodiversity."
1567824083,Sat Sep 07 2019 02:41:23 GMT+0000 (Coordinated Universal Time),253,409,1,0,-1,"Cat owners should keep their cats indoors, or at least stop them from roaming free without supervision."
1567822997,Sat Sep 07 2019 02:23:17 GMT+0000 (Coordinated Universal Time),244,409,1,0,-1,"We need to work on the biodiversity of the sea, as well as of the land."
1567825946,Sat Sep 07 2019 03:12:26 GMT+0000 (Coordinated Universal Time),274,409,27,14,1,"Voting in Hivemind is interesting and engaging, but it takes experts to figure out what really matters."
1567825563,Sat Sep 07 2019 03:06:03 GMT+0000 (Coordinated Universal Time),267,409,24,27,1,"Urban dwellers are too far from nature to know what needs to be done. Rural voices need to be raised alongside the urban majority."
1567825608,Sat Sep 07 2019 03:06:48 GMT+0000 (Coordinated Universal Time),268,409,63,2,1,"Scholars in all disciplines need to contribute to this work, not only scientists and engineers."
1567825506,Sat Sep 07 2019 03:05:06 GMT+0000 (Coordinated Universal Time),266,409,42,7,1,"Farmers have a lot of knowledge about land, plants and animals that needs to be valued and brought into the public conversation."
1567825898,Sat Sep 07 2019 03:11:38 GMT+0000 (Coordinated Universal Time),273,409,65,4,1,"Tourism must be managed to protect biodiversity."
1567826248,Sat Sep 07 2019 03:17:28 GMT+0000 (Coordinated Universal Time),276,409,33,8,1,"Zoos should play a stronger role in educating us about biodiversity."
1567825853,Sat Sep 07 2019 03:10:53 GMT+0000 (Coordinated Universal Time),271,409,36,5,1,"Golf courses could be put to much better use, increasing biodiversity in towns and making it visible."
1567824209,Sat Sep 07 2019 02:43:29 GMT+0000 (Coordinated Universal Time),255,409,56,0,1,"Land development must nourish the groundwater as a foundation for soil health, not drain it all to the sea."
1567824153,Sat Sep 07 2019 02:42:33 GMT+0000 (Coordinated Universal Time),254,409,56,4,1,"Urban waterways need to be made into nature corridors and nature-compatible recreation spaces, not buried in pipes."
1567824028,Sat Sep 07 2019 02:40:28 GMT+0000 (Coordinated Universal Time),251,409,63,3,1,"Urban landscaping, such as city council plantings, need to prioritise biodiversity."
1567823837,Sat Sep 07 2019 02:37:17 GMT+0000 (Coordinated Universal Time),249,409,60,3,1,"This isn't a MƒÅori-and-PƒÅkehƒÅ issue. It's an issue for all New Zealanders needing the diverse understanding that all cultures bring."
1567823536,Sat Sep 07 2019 02:32:16 GMT+0000 (Coordinated Universal Time),248,409,65,3,1,"Biodiversity and environmental stewardships are fundamental obligations of landowners."
1567823447,Sat Sep 07 2019 02:30:47 GMT+0000 (Coordinated Universal Time),247,409,52,3,1,"We are part of nature, not separate from it. Nature has no right separate from us, but when it falls, we fall too."
1567824056,Sat Sep 07 2019 02:40:56 GMT+0000 (Coordinated Universal Time),252,409,57,3,1,"Home gardeners have a role to play through the plants and gardening methods that they choose."
1567824314,Sat Sep 07 2019 02:45:14 GMT+0000 (Coordinated Universal Time),257,409,1,0,-1,"We need to care for insects, algae, lichens and other life at the bottom of the food chain, in addition to the big animals."
1567824593,Sat Sep 07 2019 02:49:53 GMT+0000 (Coordinated Universal Time),259,409,1,0,-1,"Architects need to incorporate biodiversity provisions into building design."
1567824857,Sat Sep 07 2019 02:54:17 GMT+0000 (Coordinated Universal Time),263,409,1,0,-1,"Soil health matters, too. Let's look after the microbes, worms, beetles and things at the foundation of the natural world."
1567929808,Sun Sep 08 2019 08:03:28 GMT+0000 (Coordinated Universal Time),279,413,1,0,-1,"Democracy is great for engagement but expertise is important, too."
1567826163,Sat Sep 07 2019 03:16:03 GMT+0000 (Coordinated Universal Time),275,409,1,0,-1,"Science and matauranga MƒÅori are both important, but we need more than just those two kinds of knowledge."
1567824494,Sat Sep 07 2019 02:48:14 GMT+0000 (Coordinated Universal Time),258,409,1,0,-1,"The Royal Society needs to exercise a primary authority here, not the government. The government are not experts."
1567922110,Sun Sep 08 2019 05:55:10 GMT+0000 (Coordinated Universal Time),277,412,1,0,-1,"People need to open-minded educate themselves on 1080 - I was unsure but after extensive research I see how absolutely necessary it is"
1567929695,Sun Sep 08 2019 08:01:35 GMT+0000 (Coordinated Universal Time),278,413,51,6,1,"Biodiversity is too important for politicians to decide about. They need to enact what experts advise regardless of political desire."
1567824620,Sat Sep 07 2019 02:50:20 GMT+0000 (Coordinated Universal Time),260,409,25,15,1,"Economics and business aren't the problems. Selfishness is."
1567988056,Mon Sep 09 2019 00:14:16 GMT+0000 (Coordinated Universal Time),289,0,56,4,1,"Alternatives to mowed lawns need to be more acceptable. Let a bit more wilderness into gardens"
1567988081,Mon Sep 09 2019 00:14:41 GMT+0000 (Coordinated Universal Time),290,0,73,0,1,"We need to care for the foundations of the natural world (e.g. microbes, worms, beetles) and the insects, algae, lichens and other life at the bottom of the food chain, in addition to the big animals."
1567988122,Mon Sep 09 2019 00:15:22 GMT+0000 (Coordinated Universal Time),291,0,64,4,1,"Our buildings should support biodiversity more e.g. more green walls and roofs, reuse of grey water, etc"
1568025322,Mon Sep 09 2019 10:35:22 GMT+0000 (Coordinated Universal Time),295,434,33,1,1,"Iwi & small-scale land owners could use low productivity/erodible land for long-rotation totara and rimu plantations.= Habitat,fruit,timber."
1568012392,Mon Sep 09 2019 06:59:52 GMT+0000 (Coordinated Universal Time),294,430,48,0,1,"We need more trees on hillsides and coastlines to avoid erosion."
1568082617,Tue Sep 10 2019 02:30:17 GMT+0000 (Coordinated Universal Time),297,441,13,8,1,"There should be a scheme for the trapping or shooting of wild / feral rabbits and the sale of their meat.  Far better than poisoning..."
1567993418,Mon Sep 09 2019 01:43:38 GMT+0000 (Coordinated Universal Time),292,423,25,8,1,"Hunters spend more time in around indigenous and non-indigenous species than many other people, their advice should be sought and valued."
1567979936,Sun Sep 08 2019 21:58:56 GMT+0000 (Coordinated Universal Time),282,414,15,12,1,"Game animals (deer, tahr, chamois, trout etc) must be recognised as a renewable source of conservation revenue, to be carefully managed."
1567978870,Sun Sep 08 2019 21:41:10 GMT+0000 (Coordinated Universal Time),281,414,30,5,1,"Conservation minded hunters are valuable in their contribution to management of introduced species, and their efforts should encouraged more"
1567978652,Sun Sep 08 2019 21:37:32 GMT+0000 (Coordinated Universal Time),280,414,19,11,1,"Introduced species game animals (deer, tahr, chamois, etc) must be managed in partnership and consultation with the hunting community."
1568104960,Tue Sep 10 2019 08:42:40 GMT+0000 (Coordinated Universal Time),301,427,36,3,1,"More public knowledge about the science behind 1080 and the work DoC do is needed for conservation efforts to move forwards."
1568105497,Tue Sep 10 2019 08:51:37 GMT+0000 (Coordinated Universal Time),308,427,34,4,1,"We don't deserve to call ourselves Kiwis if we won't make reasonable efforts to save the Kiwi, and our other precious native species."
1568105208,Tue Sep 10 2019 08:46:48 GMT+0000 (Coordinated Universal Time),305,427,39,5,1,"We need a plan to deal with cats in New Zealand."
1568105163,Tue Sep 10 2019 08:46:03 GMT+0000 (Coordinated Universal Time),304,427,46,1,1,"Everyone can make a difference, even if it's something small like a backyard native bird feeder or a small donation to a conservation group."
1568104709,Tue Sep 10 2019 08:38:29 GMT+0000 (Coordinated Universal Time),299,427,10,9,1,"Muttonbirding should no longer be allowed. We need to move on from the past and look towards the future of all species."
1567982171,Sun Sep 08 2019 22:36:11 GMT+0000 (Coordinated Universal Time),286,416,1,0,-1,"Most New Zealanders currently believe pest and biodiversity management are somebody elses problem."
1567982210,Sun Sep 08 2019 22:36:50 GMT+0000 (Coordinated Universal Time),287,416,1,0,-1,"A key part of the solution is changing the way most New Zealanders think."
1567982094,Sun Sep 08 2019 22:34:54 GMT+0000 (Coordinated Universal Time),285,416,1,0,-1,"The solutions to our biodiversity and pest control problems already exist - we just need to be willing to pay what it really costs."
1567984666,Sun Sep 08 2019 23:17:46 GMT+0000 (Coordinated Universal Time),288,419,1,0,-1,"Clear and concise"
1567981326,Sun Sep 08 2019 22:22:06 GMT+0000 (Coordinated Universal Time),284,414,1,0,-1,"Responsible hunting of introduced species should be encouraged, & the right of a  responsible hunting community to do so should be protected"
1567980794,Sun Sep 08 2019 22:13:14 GMT+0000 (Coordinated Universal Time),283,414,1,0,-1,"Eradicating predators would be more acheivable if less was spent on poison (1080) and public participation encouraged with a bounty system."
1567993556,Mon Sep 09 2019 01:45:56 GMT+0000 (Coordinated Universal Time),293,423,1,0,-1,"Predators could be managed by the public at lower cost to DOC with a bounty incentive, resulting in more people outdoors for a good cause"
1568105544,Tue Sep 10 2019 08:52:24 GMT+0000 (Coordinated Universal Time),309,427,1,0,-1,"We have taken so much from this land already. It's time to give back."
1568105364,Tue Sep 10 2019 08:49:24 GMT+0000 (Coordinated Universal Time),307,427,1,0,-1,"New Zealanders don't see or interact enough with their native species so don't have a big enough drive to want to save them."
1568105100,Tue Sep 10 2019 08:45:00 GMT+0000 (Coordinated Universal Time),303,427,1,0,-1,"More exposure to our unique endangered birdlife, like Sirocco the Kakapo, will help to raise awareness about why we need to save our species"
1568105038,Tue Sep 10 2019 08:43:58 GMT+0000 (Coordinated Universal Time),302,427,1,0,-1,"More and larger predator-free ecosanctuaries on the mainland are a step in the right direction."
1568104871,Tue Sep 10 2019 08:41:11 GMT+0000 (Coordinated Universal Time),300,427,1,0,-1,"There needs to be more education about conservation and its importance in schools."
1568175357,Wed Sep 11 2019 04:15:57 GMT+0000 (Coordinated Universal Time),315,456,43,1,1,"We should recognise and value our indigenous ecosystems for their contribution to global biodiversity. We've lost so much already"
1568164233,Wed Sep 11 2019 01:10:33 GMT+0000 (Coordinated Universal Time),312,446,40,2,1,"Community conservation groups be better supported through more funding, better access to information and minimising paperwork"
1568105717,Tue Sep 10 2019 08:55:17 GMT+0000 (Coordinated Universal Time),311,427,29,6,1,"Tourists should be charged slightly more for seeing e.g. a kiwi, than a NZ citizen, and that extra money should go towards conservation."
1568168310,Wed Sep 11 2019 02:18:30 GMT+0000 (Coordinated Universal Time),314,450,1,0,-1,"Biodiversity consultation needs to include experts from a variety of contexts in which experience and expertise has been gained."
1568064556,Mon Sep 09 2019 21:29:16 GMT+0000 (Coordinated Universal Time),296,438,25,4,1,"Biodiversity needs to be defined in a way that suits Aotearoa, all of us, not a metro view, or pakeha view or rural.  We cant reverse time."
1568164306,Wed Sep 11 2019 01:11:46 GMT+0000 (Coordinated Universal Time),313,446,1,0,-1,"The roles and responsibilities of various agencies needs to be clearer so public understand who is responsible for what"
1568105604,Tue Sep 10 2019 08:53:24 GMT+0000 (Coordinated Universal Time),310,427,1,0,-1,"We need to act now, before it's too late, and future generations miss out on our wonderful nature."
1568105290,Tue Sep 10 2019 08:48:10 GMT+0000 (Coordinated Universal Time),306,427,1,0,-1,"Dogs should be kept on the leash at all times on/near wildlife hotspot beaches to prevent injuring wildlife, and this needs to be enforced."
1568101622,Tue Sep 10 2019 07:47:02 GMT+0000 (Coordinated Universal Time),298,427,1,0,-1,"The youth need to be hugely involved in this - it is their future we are deciding here, their voices deserve to be heard and acted on."
